variable,n_samples,r2_v267,r2_v214,r2_v267_se,r2_v214_se,r2_v267_ci_low,r2_v267_ci_high,r2_v214_ci_low,r2_v214_ci_high
AVS: Max torque angle (deg),1130,0.0763381256017547,0.137179838154676,0.015183592437793162,0.019013243135781392,0.0465782844236801,0.10609796677982929,0.09991388160854447,0.1744457947008075
AVS: Vane rotation rate (deg/s),1129,-1.441359562097221,0.2165741608713426,0.005892752751194802,0.021701224328226455,-1.4529093574895628,-1.4298097667048792,0.17403976118801875,0.25910856055466647
AVS: Vane shear strength (kN/m^2),1130,0.3672340085152761,0.3662441082936125,0.022814205551105048,0.022819078753239283,0.3225181656351102,0.411949851395442,0.3215187139372635,0.41096950264996146
CARB: Calcium carbonate (wt%),5237,0.857112496293267,0.9053237765933504,0.0036559636683109772,0.0024896115934924376,0.8499468075033775,0.8642781850831566,0.9004441378701052,0.9102034153165955
CARB: Hydrogen (wt%),2292,0.8961019434005213,0.8990933828034038,0.004108741539544797,0.003997097451819268,0.8880488099830135,0.9041550768180291,0.891259071797838,0.9069276938089695
CARB: Inorganic carbon (wt%),5237,0.8601946677977625,0.9057164333721432,0.0035835281268763158,0.002479823866910205,0.8531709526690849,0.8672183829264402,0.9008559785929993,0.9105768881512872
CARB: Nitrogen (wt%),3557,0.3658915458772837,0.360580855157819,0.012862571263615777,0.012875823968081148,0.34068090620059677,0.3911021855539706,0.33534424018037995,0.3858174701352581
CARB: Organic carbon (wt%) by difference (CHNS-COUL),3215,0.1419210885977646,0.1510192898537462,0.011402240644384571,0.01163733513879321,0.11957269693477082,0.16426948026075835,0.12821011298171153,0.1738284667257809
CARB: Sulfur (wt%),3224,0.0861544054521996,0.2453025178311269,0.009448090541750274,0.013166076771780407,0.06763614799036907,0.10467266291403013,0.2194970073584373,0.2711080283038165
CARB: Total carbon (wt%),4086,0.7810328269977245,0.8106321569189222,0.006054725657018547,0.005334564382095094,0.7691655647099681,0.7929000892854808,0.8001764107300158,0.8210879031078286
Depth (m),238506,0.593850588753273,0.6809269418254921,0.001979495046779752,0.0016652152884929945,0.5899707784615847,0.5977303990449613,0.6776631198600458,0.6841907637909383
GE: C1/C2 ratio GC3,259,0.3067783180510227,0.3963017173933945,0.04771606069793773,0.04722946555816287,0.21325483908306472,0.4003017970189806,0.30373196489939525,0.4888714698873937
GE: Carbon Dioxide (ppmv) NGA-TCD,263,0.253109375580855,0.2684209170959496,0.0463407699700048,0.04674353780926671,0.16228146643964558,0.3439372847220644,0.17680358298978688,0.36003825120211236
GE: Ethane (ppmv) GC3,3787,0.0129247736468778,0.0489688005753002,0.0036470697411919183,0.006839696657094065,0.0057765169541416405,0.02007303033961396,0.03556299512739584,0.06237460602320457
GE: Ethane (ppmv) NGA-FID,268,-0.0085144725925658,-0.0800145877387117,0.012094774991274216,0.012094774991274216,-0.03222023157546326,0.015191286390331665,-0.10372034672160917,-0.056308828755814236
GE: Ethene (ppmv) GC3,3793,-0.037061860341218,-0.359002100479211,0.0032149466383888624,0.0032149466383888624,-0.04336315575246017,-0.03076056492997583,-0.3653033958904532,-0.3527008050679688
GE: Methane (ppmv) GC3,3793,0.0095697965960179,0.0279932490589229,0.0032149466383888624,0.005281223044479816,0.0032685011847757304,0.01587109200726007,0.01764205189174246,0.038344446226103335
GE: Methane (ppmv) NGA-FID,268,-0.1192617231602619,-0.015242775562944,0.012094774991274216,0.012094774991274216,-0.14296748214315935,-0.09555596417736444,-0.03894853454584146,0.008462983419953465
GE: Propane (ppmv) GC3,3792,0.3415387628994268,0.4805843211416586,0.01249815900104332,0.01169487772041178,0.3170423712573819,0.36603515454147173,0.4576623608096515,0.5035062814736657
GE: Propene (ppmv) GC3,3792,-516.169450199205,-2964.4603835495573,0.0032153705221850733,0.0032153705221850733,-516.1757523254284,-516.1631480729816,-2964.466685675781,-2964.4540814233337
GE: Propene+Propane (ppmv) NGA-FID,235,-0.088371955538004,-0.0463890385971628,0.012916095846458156,0.012916095846458156,-0.11368750339706199,-0.06305640767894602,-0.07170458645622078,-0.021073490738104814
GE: iso-Butane (ppmv) NGA-FID,268,-478.8458824697156,-463.10248063359103,0.012094774991274216,0.012094774991274216,-478.8695882286985,-478.8221767107327,-463.1261863925739,-463.07877487460814
GE: iso-hexane (ppmv) NGA-FID,268,-inf,-inf,0.012094774991274216,0.012094774991274216,-inf,-inf,-inf,-inf
GE: iso-pentane (ppmv) NGA-FID,268,-0.3553950883458816,-0.2178447973493349,0.012094774991274216,0.012094774991274216,-0.3791008473287791,-0.3316893293629842,-0.24155055633223238,-0.19413903836643742
GE: n-Butane (ppmv) NGA-FID,268,-0.1054993209162216,-0.0379807686202231,0.012094774991274216,0.012094774991274216,-0.12920507989911906,-0.08179356193332414,-0.061686527603120565,-0.014275009637325635
GE: n-hexane (ppmv) NGA-FID,268,-inf,-inf,0.012094774991274216,0.012094774991274216,-inf,-inf,-inf,-inf
GE: n-pentane (ppmv) NGA-FID,268,-inf,-inf,0.012094774991274216,0.012094774991274216,-inf,-inf,-inf,-inf
ICP: Al2O3 (wt%),253,0.5499953010718246,0.4568544957534469,0.04196297529151638,0.04616096462693456,0.4677478695004525,0.6322427326431967,0.36637900508465515,0.5473299864222386
ICP: Al2O3 (wt%) 308.2 nm ,179,0.7588450348257649,0.90691983479795,0.031403368593226164,0.013250890821995515,0.6972944323830417,0.8203956372684882,0.8809480887868388,0.9328915808090612
ICP: Al2O3 (wt%) 396.152 nm ,156,-0.3219267165578403,-0.3977458807558229,0.015852687226703625,0.015852687226703625,-0.35299798352217937,-0.2908554495935012,-0.428817147720162,-0.3666746137914838
ICP: Al2O3 (wt%) 396.2 nm ,290,0.7075974602832416,0.7499217570399794,0.02888718813564976,0.025434012648018273,0.650978571537368,0.7642163490291151,0.7000710922498636,0.7997724218300952
ICP: Ba (ppm),219,0.3333859825780904,0.6130421667026604,0.05201828715610323,0.04094649710557542,0.23143013975212806,0.4353418254040527,0.5327870323757327,0.6932973010295882
ICP: Ba (ppm) 455.4 nm ,150,0.1803088780088672,0.2009153017239524,0.0568385712985356,0.05849027826464599,0.06890527826373741,0.291712477753997,0.08627435632524624,0.3155562471226585
ICP: Ba (ppm) 455.403 nm ,156,0.2482319086661573,0.1003164892598517,0.05997639913265994,0.0456292804059254,0.13067816636614382,0.36578565096617077,0.010883099664237922,0.1897498788554655
ICP: Ba (ppm) 493.4 nm ,240,0.1474446683864398,-0.0061974948812635,0.04226311329429717,0.012780845042484477,0.06460896632961735,0.23028037044326224,-0.031247951164533074,0.018852961402006072
ICP: CaO (wt%),255,0.7825067112467873,0.8065404604073821,0.024096268916310046,0.021760212628796228,0.7352780241708196,0.829735398322755,0.7638904436549415,0.8491904771598228
ICP: CaO (wt%) 315.9 nm ,273,0.5065348738358477,0.6668220286564586,0.0425118312895384,0.03293289586425349,0.42321168450835245,0.589858063163343,0.6022735527625217,0.7313705045503954
ICP: CaO (wt%) 317.9 nm ,259,0.6172750375076075,0.6259505739643385,0.037368551175859736,0.03677723944198828,0.5440326772029224,0.6905173978122926,0.5538671846580415,0.6980339632706355
ICP: CaO (wt%) 317.933 nm ,156,-0.4170389212481808,0.0038010710121887,0.015852687226703625,0.015852687226703625,-0.4481101882125199,-0.3859676542838417,-0.027270195952150404,0.034872337976527806
ICP: CaO (wt%) 422.7 nm ,185,0.3453064813473868,0.2712267962525672,0.05656978628220459,0.055808817961018296,0.2344297002342658,0.4561832624605078,0.16184151304897132,0.38061207945616304
ICP: Co (ppm),182,0.3846662326567673,0.2390183795147387,0.05657793364777578,0.05515490211324471,0.27377348270712676,0.49555898260640785,0.13091477137277907,0.3471219876566983
ICP: Co (ppm) 228.6 nm ,252,0.8628167995866095,0.8570241779483035,0.01605424742774646,0.016675883967995533,0.8313504746282264,0.8942831245449926,0.8243394453710323,0.8897089105255748
ICP: Co (ppm) 228.615 nm ,153,-0.3033489352634007,-0.2637797140504139,0.016007351252397977,0.016007351252397977,-0.3347233437181007,-0.27197452680870066,-0.2951541225051139,-0.23240530559571387
ICP: Cr (ppm),219,0.5916168654866304,0.6745088728630819,0.04245179022624062,0.03612775091399347,0.5084113566431988,0.674822374330062,0.6036984810716547,0.7453192646545092
ICP: Cr (ppm) 205.6 nm ,194,0.7847490036035389,0.847374241534083,0.02738039364521619,0.020174119776088528,0.7310834320589152,0.8384145751481626,0.8078329667729495,0.8869155162952166
ICP: Cr (ppm) 267.7 nm ,346,0.8121713436074365,0.8486972524704369,0.01820026154750183,0.01498701558354896,0.7764988309743329,0.84784385624054,0.819322701926681,0.8780718030141929
ICP: Cu (ppm) 327.395 nm ,131,-0.1734115315506319,-0.2429720100209469,0.017299340321888554,0.017299340321888554,-0.20731823858153348,-0.13950482451973034,-0.27687871705184847,-0.20906530299004533
ICP: Fe2O3 (wt%) 239.563 nm ,156,0.2636631990807897,-0.1793544038298107,0.06054370041831516,0.015852687226703625,0.144997546260892,0.38232885190068744,-0.21042567079414978,-0.1482831368654716
ICP: Fe2O3t (wt%),226,0.4757359825586658,0.5483898911876177,0.04810706125009825,0.04449222767878129,0.3814461425084732,0.5700258226088584,0.46118512493720637,0.635594657438029
ICP: Fe2O3t (wt%) 238.2 nm ,200,0.4376919544720706,0.1319271119809418,0.0526106390482091,0.04459007654861632,0.3345751019375808,0.5408088070065604,0.04453056194565383,0.2193236620162298
ICP: Fe2O3t (wt%) 239.6 nm ,291,0.2256286957390393,0.2642446486991044,0.043125080490264436,0.044342485347201685,0.141103537978121,0.3101538534999576,0.17733337741858912,0.3511559199796197
ICP: Fe2O3t (wt%) 259.9 nm ,119,0.5725906436728789,0.572688989159053,0.05929562670612911,0.05928707375681877,0.4563712153288659,0.6888100720168919,0.45648632459568816,0.6888916537224178
ICP: K2O (wt%),243,0.9138200263183576,0.9239344329968966,0.010569721679440057,0.0093807063691253,0.8931033718266551,0.93453668081006,0.905548248513411,0.9423206174803822
ICP: K2O (wt%) 766.491 nm ,156,0.2354565326213744,0.2250452195245816,0.05940530779789553,0.058867955664041634,0.11902212933749916,0.3518909359052496,0.10966402642305999,0.3404264126261032
ICP: K2O (wt%) 766.5 nm ,221,0.7816573614119925,0.8379451890806112,0.02597051873161158,0.019957383060336564,0.7307551446980338,0.8325595781259512,0.7988287182823516,0.8770616598788709
ICP: K2O (wt%) 769.9 nm ,206,0.8357298367782304,0.8739891771939724,0.020926087061564947,0.016415618865733613,0.7947147061375631,0.8767449674188977,0.8418145642171345,0.9061637901708103
ICP: LOI (wt%),742,0.4962310360183535,0.5814246271788471,0.02605562005506438,0.02343410800968858,0.4451620207104273,0.5473000513262797,0.5354937754798575,0.6273554788778367
ICP: MgO (wt%),255,0.5332537267616846,0.6094559791868492,0.04268818736414602,0.03818572755922411,0.4495848795279584,0.6169225739954107,0.53461195317077,0.6843000052029284
ICP: MgO (wt%) 202.582 nm ,156,0.1853771192984339,-0.0167766356273375,0.05616326732970951,0.015852687226703625,0.07529711533220325,0.29545712326466456,-0.04784790259167661,0.014294631337001606
ICP: MgO (wt%) 280.3 nm ,257,0.8058949417523362,0.8303999238451415,0.021738996964919897,0.019281158611932782,0.7632865077010932,0.8485033758035793,0.7926088529657532,0.8681909947245298
ICP: MgO (wt%) 285.2 nm ,327,0.8444713828687426,0.8849268850007935,0.01580734377450422,0.011972467964205816,0.8134889890707143,0.8754537766667708,0.8614608477909501,0.9083929222106369
ICP: MgO 285.2 nm ,114,0.7155407833187137,0.781153267648262,0.04507282467780401,0.03623145402900825,0.6271980469502179,0.8038835196872096,0.7101396177514058,0.8521669175451182
ICP: MnO (wt%),255,0.4249520252751757,0.3188942743688641,0.04694982041095951,0.04817234604578179,0.3329303772696951,0.5169736732806564,0.22447647611913177,0.41331207261859637
ICP: MnO (wt%) 257.6 nm ,324,0.151759605561176,0.3309455174890778,0.03671593019213602,0.042765861669210974,0.07979638238458939,0.22372282873776259,0.24712442861742429,0.4147666063607313
ICP: MnO (wt%) 259.372 nm ,156,0.6567398575452041,0.7188150642766307,0.04454385112386111,0.03817405821747023,0.5694339093424363,0.744045805747972,0.643993910170389,0.7936362183828723
ICP: MnO (wt%) 259.4 nm ,212,0.2248975032493501,0.7068250355987578,0.05049094720090352,0.03385672204966061,0.1259352467355792,0.323859759763121,0.640465860381423,0.7731842108160926
ICP: MnO 257.6 nm ,114,0.5287952807699088,0.6061019478658427,0.06418462182359581,0.05744262037952538,0.402993421995661,0.6545971395441565,0.493514411921973,0.7186894838097124
ICP: Na2O (wt%),248,0.0176600374915194,0.1181546236949452,0.016579131558878763,0.038496563085436905,-0.014835060363882973,0.05015513534692177,0.04270136004748887,0.19360788734240153
ICP: Na2O (wt%) 588.995 nm ,156,0.6151145608451931,0.7139908445661194,0.0483367205162276,0.038698484130675156,0.520374588633387,0.7098545330569992,0.6381418156699961,0.7898398734622427
ICP: Na2O (wt%) 589 nm ,265,0.5306363641126313,0.6435098660738993,0.04200635539623625,0.03513437064952098,0.44830390753600824,0.6129688206892543,0.5746464996008381,0.7123732325469604
ICP: Na2O (wt%) 589.6 nm ,306,0.473213944687802,0.582554642966594,0.04143165861107103,0.03642816134395026,0.39200789381010276,0.5544199955655011,0.5111554467324515,0.6539538392007365
ICP: Ni (ppm) 221.6 nm ,134,0.7956185358116434,0.8190827142683859,0.03149717104195397,0.028289256949604033,0.7338840805694137,0.8573529910538732,0.7636357706471619,0.8745296578896098
ICP: Ni (ppm) 231.604 nm ,103,-1.114124392599556,-1.7742910589808312,0.019509519707653005,0.019509519707653005,-1.152363051226556,-1.0758857339725563,-1.812529717607831,-1.7360524003538313
ICP: P2O5 (wt%),154,-0.0393161955794909,-0.0444507719889406,0.015955294687702532,0.015955294687702532,-0.07058857316738787,-0.008043817991593934,-0.07572314957683757,-0.013178394401043639
ICP: P2O5 (wt%) 177.434 nm ,156,0.0982396367711718,0.156437411659717,0.04525871430946937,0.05342632701211894,0.009532556724611826,0.18694671681773178,0.05172181071596388,0.2611530126034701
ICP: Rb (ppm),113,0.0912307162538131,-2.492702316910605,0.051643415331425004,0.01862627319399523,-0.009990377795779909,0.1924518103034061,-2.5292098123708353,-2.4561948214503744
ICP: Sc (ppm),194,0.6444773369472289,0.6871973536650808,0.04098266971790357,0.03723405093081419,0.5641513043001378,0.7248033695943199,0.614218613840685,0.7601760934894767
ICP: Sc (ppm) 361.383 nm ,156,-0.0387806489553341,-0.1666177713320396,0.015852687226703625,0.015852687226703625,-0.0698519159196732,-0.007709381990994992,-0.19768903829637868,-0.1355465043677005
ICP: Sc (ppm) 361.4 nm ,259,0.4093031692982176,0.5323042130528486,0.04696424100886572,0.0424056303359646,0.3172532569208408,0.5013530816755944,0.44918917759435795,0.6154192485113392
ICP: SiO2 (wt%),255,0.5200220881077903,0.6277563134058549,0.043350294569316945,0.036938800674012444,0.43505551075192905,0.6049886654636515,0.5553562640847906,0.7001563627269193
ICP: SiO2 (wt%) 221.667 nm ,156,0.2516181140175572,-0.195800191440808,0.060112102059993365,0.015852687226703625,0.13379839397997018,0.3694378340551442,-0.2268714584051471,-0.16472892447646892
ICP: SiO2 (wt%) 250.7 nm ,281,0.5959867888106127,0.6132509597974052,0.03721266033589745,0.03613476199890298,0.5230499745522538,0.6689236030689717,0.5424268262795553,0.6840750933152551
ICP: SiO2 (wt%) 251.6 nm ,281,0.6232271225710839,0.6388315179994748,0.03548784603678964,0.034441324680789684,0.5536709443389762,0.6927833008031916,0.571326521625127,0.7063365143738226
ICP: SiO2 (wt%) 288.2 nm ,314,0.2050821903496678,0.4303034837915201,0.040630425682691707,0.04217898905876149,0.12544655601159205,0.28471782468774354,0.3476326652363476,0.5129743023466926
ICP: SiO2 251.6 nm ,114,0.8090377723665948,0.8368691259972575,0.03217432477861533,0.027953906359116477,0.7459760958005087,0.8720994489326809,0.7820794695333892,0.8916587824611257
ICP: Sr (ppm),249,0.6879943488837339,0.6984260509846214,0.03280085903268481,0.0319436368603007,0.6237046651796717,0.7522840325877961,0.635816522738432,0.7610355792308108
ICP: Sr (ppm) 407.771 nm ,156,0.0220966088792811,0.0538475527208036,0.02327697086003831,0.03515699915920411,-0.023526254006393982,0.06771947176495619,-0.01506016563123646,0.12275527107284365
ICP: Sr (ppm) 407.8 nm ,247,0.2185295706993187,0.228190009303505,0.046488889739296095,0.04691807963533318,0.12741134681029836,0.309647794588339,0.13623057321825197,0.320149445388758
ICP: Sr (ppm) 421.6 nm ,382,0.5628627214116826,0.5752520214766494,0.03355964835142079,0.03296542746066353,0.4970858106428978,0.6286396321804674,0.510639783653749,0.6398642592995499
ICP: Sr 407.8 nm ,113,0.906411757154157,0.8871599241187557,0.016763891152866642,0.019996551270817713,0.8735545304945384,0.9392689838137757,0.8479666836279529,0.9263531646095584
ICP: TiO2 (wt%),255,0.3007962017724751,0.4785905178430105,0.04802859234979889,0.04517736275041471,0.2066601607668693,0.3949322427780809,0.3900428868521977,0.5671381488338233
ICP: TiO2 (wt%) 334.941 nm ,156,0.2448907224105554,0.2302083322034616,0.05983615367516352,0.059142737389061055,0.1276118612072349,0.3621695836138759,0.11428856692090193,0.34612809748602125
ICP: TiO2 (wt%) 336.1 nm ,200,0.6201501257263093,0.4227900057585779,0.04230341257174009,0.05307759010949944,0.5372354370856988,0.7030648143669199,0.318757929143959,0.5268220823731968
ICP: TiO2 (wt%) 337.3 nm ,237,0.6311918679347255,0.6537173635484341,0.038065979433625885,0.03637320315860837,0.5565825482448188,0.7058011876246322,0.5824258853575617,0.7250088417393066
ICP: TiO2 337.3 nm ,114,0.9172055722208275,0.9600049999992606,0.01485292613185339,0.00734040493661856,0.8880938370023949,0.9463173074392602,0.9456178063234882,0.9743921936750329
ICP: V (ppm),255,0.623458417937125,0.7694859453598526,0.03723716378733191,0.02532547858995666,0.5504735769139544,0.6964432589602956,0.7198480073235376,0.8191238833961676
ICP: V (ppm) 292.4 nm ,167,0.8958450589470044,0.9270412109080384,0.01525696285505028,0.01087173600015874,0.8659414117511058,0.9257487061429029,0.9057326083477273,0.9483498134683495
ICP: V (ppm) 292.401 nm ,156,0.3510958755182273,0.119452939766785,0.06156885752611023,0.04873249973911686,0.23042091476705123,0.47177083626940336,0.023937240278115973,0.21496863925545404
ICP: V (ppm) 310.2 nm ,203,0.2222976948440076,0.5034920244369987,0.051471028037052544,0.049454350619452615,0.12141447989138462,0.3231809097966306,0.4065614972228716,0.6004225516511258
ICP: Y (ppm),124,0.0726311407225372,-0.0273264855865116,0.04488829336226796,0.017780924900650717,-0.015349914267508008,0.1606121957125824,-0.062177098391787006,0.007524127218763804
ICP: Y (ppm) 371.029 nm ,156,-0.1786710977081036,-0.0384565604178059,0.015852687226703625,0.015852687226703625,-0.2097423646724427,-0.1475998307437645,-0.06952782738214501,-0.0073852934534667965
ICP: Zn (ppm),234,-0.1446246019432364,-0.0711320802248736,0.012943664919120147,0.012943664919120147,-0.16999418518471188,-0.11925501870176092,-0.09650166346634909,-0.04576249698339812
ICP: Zn (ppm) 206.2 nm ,143,0.0013536953882941,0.0144026120900238,0.016557591798140397,0.01978254456203001,-0.03109918453606108,0.03380657531264928,-0.024371175251555018,0.053176399431602614
ICP: Zn (ppm) 213.9 nm ,131,-3.027792758132554,-1.857522857087416,0.017299340321888554,0.017299340321888554,-3.0616994651634553,-2.9938860511016525,-1.8914295641183176,-1.8236161500565145
ICP: Zr (ppm),210,0.5168690683831435,0.6171765013661313,0.047937509028892954,0.041507218131646435,0.4229115506865133,0.6108265860797737,0.5358223538281043,0.6985306489041584
ICP: Zr (ppm) 327.307 nm ,156,-0.3700546544924026,-0.5312110314552849,0.015852687226703625,0.015852687226703625,-0.4011259214567417,-0.3389833875280635,-0.5622822984196241,-0.5001397644909458
ICP: Zr (ppm) 339.2 nm ,157,0.603285977147642,0.5655134547617521,0.04918348934928194,0.052152841160974406,0.5068863380230494,0.6996856162722346,0.4632938860862422,0.6677330234372619
IW: Alkalinity (mM) ALKALINITY,1711,0.4562795873013587,0.5321094703025226,0.01775808575082208,0.01650249994892285,0.4214737392297474,0.49108543537297,0.4997645704026339,0.5644543702024114
IW: Ammonium (uM) SPEC ,1253,0.4239227286141496,0.4382476319418722,0.021192322384808334,0.02101160176880541,0.38238577673992524,0.46545968048837394,0.39706489247501364,0.4794303714087308
IW: B (uM) 249.7 nm ICPAES ,219,0.5930858604521131,0.4032805224009901,0.04235156901828291,0.05121318379678287,0.5100767851762786,0.6760949357279475,0.30290268215929567,0.5036583626426845
IW: B (uM) 249.8 nm ICPAES ,517,0.4515013662987346,0.4612919041600649,0.03241826803171091,0.032182971653771764,0.38796156095658124,0.515041171640888,0.3982132797186722,0.5243705286014575
IW: B (uM) ICPAES ,329,0.4955520064935169,0.6122051524793952,0.03915552623409636,0.033456659112782804,0.418807175074688,0.5722968379123458,0.5466301006183409,0.6777802043404495
IW: B 249.7 nm ICPAES ,221,0.1806568238727128,0.5872198722849857,0.046851865211731174,0.04255523685122774,0.08882716805771972,0.2724864796877059,0.5038116080565793,0.6706281365133921
IW: B 249.8 nm ICPAES ,264,0.7078285146628278,0.817862651437691,0.030257280241139235,0.020275297269164234,0.6485242453901949,0.7671327839354607,0.778123068790129,0.8576022340852529
IW: Ba (uM) 455.4 nm ICPAES ,247,0.7411724436096974,-3.914694278316072,0.02835643717047954,0.0125984383069204,0.6855938267555575,0.7967510604638373,-3.939387217397636,-3.890001339234508
IW: Ba (uM) 493.4 nm ICPAES ,488,0.4704660581486155,0.5303608725834266,0.03288349996223898,0.030964929486107594,0.4060143982226271,0.5349177180746039,0.46966961079065567,0.5910521343761974
IW: Ba (uM) ICPAES ,329,0.1240350179185038,0.2058678685328635,0.03401660355205801,0.03973004885767765,0.057362474956470094,0.1907075608805375,0.12799697277181532,0.2837387642939117
IW: Ba 455.4 nm ICPAES ,241,0.0198277418614457,0.0539741746897515,0.01778117715779458,0.028315059058363363,-0.015023365367831682,0.05467884909072308,-0.001523341064640693,0.10947169044414369
IW: Ba 493.4 nm ICPAES ,240,0.6458816589056726,0.2494151640954381,0.03674085612482607,0.04839333899180881,0.5738695809010135,0.7178937369103318,0.15456421967149284,0.34426610851938333
IW: Bromide (mM) IC ,1777,0.1471635942761694,0.3113492290784593,0.01552216179914176,0.0182309465217749,0.11674015714985156,0.17758703140248724,0.2756165738957805,0.3470818842611381
IW: Ca (mM) 318.127 nm ICPAES ,111,0.7178166342281238,0.798778131955058,0.04538440797787564,0.034139469331462315,0.6288631945914875,0.8067700738647601,0.7318647720653918,0.8656914918447242
IW: Ca (mM) 393.4 nm ICPAES ,152,0.8165881484037848,0.7166203109115408,0.026886677203365173,0.0389153981091804,0.7638902610851891,0.8692860357223805,0.6403461306175472,0.7928944912055343
IW: Ca (mM) 396.8 nm ICPAES ,152,0.8133836507464534,0.7087677567114826,0.027302700821501248,0.03977403333359653,0.7598703571363109,0.8668969443565958,0.6308106513776335,0.7867248620453318
IW: Ca (mM) IC ,1652,0.5721140907537553,0.5726311923164265,0.015925544180243566,0.015913484884419293,0.5409000241604779,0.6033281573470327,0.5414407619429646,0.6038216226898883
IW: Ca (mM) ICPAES ,278,0.3350806828136226,0.3431867401777638,0.046169082471955065,0.04615457531827169,0.24458928116859063,0.4255720844586545,0.2527237725539513,0.4336497078015763
IW: Ca 315.9 nm ICPAES ,197,0.503949579192999,0.684454803070043,0.05017833520899012,0.0371989639492964,0.40560004218337836,0.6022991162026197,0.611544833729422,0.757364772410664
IW: Ca 317.9 nm ICPAES ,214,0.6831448633351769,0.8093110780268966,0.03580471858213051,0.023453427247676174,0.612967614914201,0.7533221117561527,0.7633423606214513,0.8552797954323419
IW: Chloride (mM) IC ,1789,0.0431695358298929,0.3247229912418411,0.009400447084529367,0.018195471264006557,0.02474465954421534,0.06159441211557046,0.2890598675643883,0.36038611491929395
IW: Chloride (mM) TITRA_MAN,1600,0.2146181176125272,0.3046928709609412,0.01819215189750072,0.01919012630084147,0.17896149989342577,0.2502747353316286,0.26708022341129195,0.3423055185105905
IW: Fe (uM) 259.9 nm ICPAES ,261,0.1580858039596319,-0.1528590066033075,0.0414404068555416,0.012255892319685423,0.07686260652277035,0.23930900139649344,-0.17688055554989093,-0.12883745765672408
IW: Fe (uM) ICPAES ,204,0.2206563212989112,0.3669995438179474,0.05126277544756079,0.05369720702652067,0.12018128142169204,0.32113136117613034,0.2617530180459669,0.47224606958992793
IW: Fe 238.2 nm ICPAES ,197,0.3142760384106629,0.2878467353374414,0.05477745403421516,0.05444412296696903,0.20691222850360116,0.4216398483177246,0.18113625432218206,0.3945572163527007
IW: Fe 239.6 nm ICPAES ,188,-18.557854508774174,-2.475631642818364,0.014440634158291561,0.014440634158291561,-18.586158151724426,-18.52955086582392,-2.5039352857686152,-2.4473279998681123
IW: Fe 259.9 nm ICPAES ,182,-0.9507603676371008,-0.8949695435342329,0.014676736469889803,0.014676736469889803,-0.9795267711180848,-0.9219939641561168,-0.9237359470152169,-0.8662031400532488
IW: K (mM) 766.491 nm ICPAES ,111,0.6462647751803174,0.6203895280278536,0.053982383694376794,0.05675954689935573,0.540459303139339,0.7520702472212959,0.5091408161051164,0.7316382399505909
IW: K (mM) 766.5 nm ICPAES ,186,0.5854530173073214,0.8532043394561953,0.04651503009841084,0.019884435618167273,0.4942835583144361,0.6766224763002066,0.8142308456445875,0.8921778332678032
IW: K (mM) 769.9 nm ICPAES ,183,0.6221810288002834,0.7849998928125019,0.044060213195807704,0.028162935851369416,0.5358230109365003,0.7085390466640664,0.7298005385438179,0.840199247081186
IW: K (mM) IC ,1578,0.5448773600661848,0.5748931341812313,0.016914311236086634,0.016228118729136667,0.511725310043455,0.5780294100889146,0.5430860214721235,0.6067002468903392
IW: K (mM) ICPAES ,278,0.0179092112200461,0.1602953355018349,0.015765126674397348,0.04032687840900368,-0.012990437061772702,0.04880885950186491,0.08125465382018768,0.2393360171834821
IW: K 766.491 nm ICPAES ,103,0.574963094642901,0.5786751401841852,0.0635123246471091,0.0631605467795378,0.45047893833456715,0.6994472509512348,0.45488046849629116,0.7024698118720792
IW: K 766.5 nm ICPAES ,178,-0.5066353059839945,-0.10667100794681,0.014840727442118057,0.014840727442118057,-0.535723131770546,-0.47754748019744314,-0.1357588337333614,-0.07758318216025861
IW: K 769.9 nm ICPAES ,250,0.4230654449482035,0.6733848501688653,0.04746683995593247,0.033902208256516936,0.3300304386345758,0.5161004512618311,0.606936521986092,0.7398331783516385
IW: Li (uM) 670.783 nm ICPAES ,118,0.5602706909065103,0.4946897763824616,0.06060010232498639,0.06543551798882524,0.44149449034953697,0.6790468914634836,0.3664361611243641,0.6229433916405591
IW: Li (uM) 670.8 nm ICPAES ,469,0.4998604783433386,0.628228431600869,0.032655711376866944,0.027213132832933275,0.4358552840446794,0.5638656726419978,0.5748906912483198,0.6815661719534183
IW: Li (uM) ICPAES ,299,0.0593106230296096,0.1389625316067523,0.026497621011584226,0.03712490154585772,0.007375285846904521,0.11124596021231467,0.06619772457687115,0.21172733863663343
IW: Li 670.8 nm ICPAES ,311,-0.1041544369652287,0.0889129075443116,0.011227549947050105,0.030810028587164126,-0.1261604348614469,-0.0821484390690105,0.028525251513469907,0.14930056357515328
IW: Mg (mM) 277.983 nm ICPAES ,111,0.0635607046972246,0.1475316197834425,0.04481696961457363,0.06215689918082947,-0.024280555747339727,0.1514019651417889,0.025704097389016745,0.26935914217786827
IW: Mg (mM) 279.6 nm ICPAES ,182,0.4060970991384993,0.6594058306937509,0.05610798753471132,0.04100227009055465,0.2961254435704651,0.5160687547065335,0.5790413813162638,0.739770280071238
IW: Mg (mM) 280.3 nm ICPAES ,182,0.4224823908609847,0.6541200831261635,0.055649829572256865,0.041471370647809404,0.3134087248993613,0.5315560568226082,0.5728361966564571,0.73540396959587
IW: Mg (mM) IC ,1649,0.2917850382385804,0.3793943844284214,0.0188415347111033,0.01882698679732985,0.2548556302048179,0.32871444627234286,0.3424934903056549,0.41629527855118786
IW: Mg (mM) ICPAES ,278,0.0474370182655332,0.1167336389526414,0.024886280347914947,0.03619906061446228,-0.001340091216380096,0.09621412774744649,0.045783480148295336,0.18768379775698746
IW: Mg 279.6 nm ICPAES ,116,-0.1642288227275523,-0.0929006105447014,0.018383838479528136,0.018383838479528136,-0.20026114614742743,-0.12819649930767715,-0.12893293396457656,-0.05686828712482626
IW: Mg 280.3 nm ICPAES ,141,0.1905714000478081,0.2351897338243107,0.05951519310907069,0.06247170061591629,0.07392162155402954,0.30722117854158665,0.11274520061711477,0.3576342670315066
IW: Mg 285.2 nm ICPAES ,250,0.3879273479714199,0.5754878227028224,0.04822121682840412,0.04073504619931263,0.29341376298774785,0.482440932955092,0.4956471321521696,0.6553285132534752
IW: Mn (uM) 257.6 nm ICPAES ,477,0.2844726889142261,0.5101246336254447,0.03494759628907551,0.03204015108812121,0.2159754001876381,0.3529699776408141,0.44732593749272714,0.5729233297581623
IW: Mn (uM) 259.4 nm ICPAES ,110,0.6026497528253264,0.8561960435051739,0.05882197902834577,0.025374126250888,0.4873586739297687,0.7179408317208841,0.8064627560534334,0.9059293309569143
IW: Mn (uM) ICPAES ,322,-0.0464100167897736,0.041192913217492,0.011034108608991986,0.02168925069790589,-0.06803686966339789,-0.024783163916149306,-0.001318018150403541,0.08370384458538754
IW: Mn 259.4 nm ICPAES ,169,-0.2931307949873087,-0.232238217251715,0.015230769230769232,0.015230769230769232,-0.3229831026796164,-0.26327848729500103,-0.2620905249440227,-0.2023859095594073
IW: Na (mM) 589 nm ICPAES ,182,0.785211470590639,0.8137968942477372,0.028216211619132084,0.024902287120791247,0.7299076958171401,0.8405152453641379,0.7649884114909863,0.862605377004488
IW: Na (mM) 589.6 nm ICPAES ,186,0.8642973334934445,0.7595980634821565,0.018500927087505704,0.030725814885709933,0.8280355164019333,0.9005591505849557,0.6993754663061651,0.819820660658148
IW: Na (mM) IC ,1650,0.1454854210896156,0.3159706477318315,0.01604786409959452,0.01893154821453166,0.11403160745441035,0.17693923472482084,0.27886481323134943,0.3530764822323135
IW: Na (mM) ICPAES ,278,-0.0225250654578859,0.0121195050261713,0.01187525084930053,0.013045311384655785,-0.045800557122514934,0.0007504262067431385,-0.013449305287754038,0.03768831534009664
IW: Na 589 nm ICPAES ,144,0.0393833164348819,0.0148961245330192,0.03177276547272823,0.020038602225390147,-0.02289130389166543,0.10165793676142923,-0.024379535828745483,0.054171784894783886
IW: Na 589.6 nm ICPAES ,250,0.0189189121808802,0.0092580079663084,0.017069192487431415,0.012522619534266782,-0.014536705094485371,0.052374529456245766,-0.015286326320854492,0.03380234225347129
IW: Phosphate (uM) SPEC ,1095,0.3091351013087017,0.2948083540841787,0.02321615122988191,0.023141951970369112,0.26363144489813317,0.3546387577192702,0.24945012822225526,0.34016657994610217
IW: Salinity (none) SALINITY,1664,-0.0738190534105032,0.247339059768578,0.004853874344670055,0.01835266199198566,-0.08333264712605651,-0.06430545969494988,0.21136784226428612,0.2833102772728699
IW: Si (uM) 251.6 nm ICPAES ,184,0.5784180452730352,0.678464518626704,0.047274181044839964,0.03904932746983802,0.4857606504251489,0.6710754401209216,0.6019278367858215,0.7550012004675865
IW: Si (uM) 288.2 nm ICPAES ,468,0.4557186252455634,0.5356778888895044,0.033968700389031554,0.03141798258877748,0.38913997248306154,0.5222972780080652,0.47409864301550053,0.5972571347635083
IW: Si (uM) ICPAES ,334,0.0839057012147005,0.0497998021837183,0.02903973695987899,0.023205219862107974,0.02698781677333769,0.14082358565606332,0.004317571253986671,0.09528203311344993
IW: Si 250.7 nm ICPAES ,225,0.2444906222587367,0.4346280820795937,0.04980921519240058,0.04969719322631075,0.14686456048163155,0.34211668403584183,0.33722158335602465,0.5320345808031628
IW: Si 288.158 nm ICPAES ,103,0.2977721513276623,0.30550221547359,0.07551469474298657,0.07564660294907002,0.14976334963140867,0.44578095302391596,0.15723487369341277,0.4537695572537673
IW: Si 288.2 nm ICPAES ,254,0.4533303312979263,0.4035929150354114,0.046189738599146185,0.047547501212909356,0.3627984436435998,0.5438622189522528,0.31039981265810906,0.4967860174127137
IW: Silica (uM) SPEC ,429,0.483991517846533,0.5344668889688209,0.03466387144955442,0.03286338750348765,0.41605032980540635,0.5519327058876596,0.4700546494619851,0.5988791284756567
IW: Sr (uM) 407.8 nm ICPAES ,222,0.6651353940835457,0.5411720436060581,0.0366587611488938,0.045307599898020585,0.5932842222317138,0.7369865659353776,0.45236914780593773,0.6299749394061784
IW: Sr (uM) 421.6 nm ICPAES ,443,0.7296732861442259,0.6708747342256692,0.021942258188903243,0.02561592679711013,0.6866664600939756,0.7726801121944762,0.6206675177033334,0.7210819507480051
IW: Sr (uM) 460.7 nm ICPAES ,141,0.6220844905868431,0.8261876686505418,0.050204175808746095,0.026609724516549263,0.5236843060017008,0.7204846751719854,0.7740326085981053,0.8783427287029784
IW: Sr (uM) ICPAES ,334,-0.0065339112606419,-0.0042779943282742,0.01083407797225874,0.01083407797225874,-0.02776870408626903,0.014700881564985228,-0.025512787153901328,0.01695679849735293
IW: Sr 407.8 nm ICPAES ,285,0.4911507992854921,0.5697736186844596,0.04224779915964452,0.03847297512963955,0.40834511293258885,0.5739564856383954,0.4943665874303661,0.6451806499385532
IW: Sr 421.552 nm ICPAES ,103,0.4317327497701795,0.4937349689445928,0.07358198648967187,0.07010294415114915,0.28751205625042264,0.5759534432899364,0.35633319840834043,0.6311367394808451
IW: Sr 421.6 nm ICPAES ,248,-0.0209329687859756,0.0888770053108368,0.01257301257301886,0.03449656632731184,-0.04557607342909256,0.0037101358571413647,0.0212637353093056,0.15649027531236798
IW: Sr 460.7 nm ICPAES ,178,0.3738208637330283,0.4611708260045859,0.05739186741400833,0.05485320516319776,0.26133280360157196,0.48630892386448465,0.3536585438847183,0.5686831081244536
IW: Sulfate (mM) IC ,1748,0.3415780825651605,0.5856289195781661,0.018408082787320566,0.01516910567082981,0.30549824030201217,0.3776579248283088,0.5558974724633396,0.6153603666929925
IW: pH (none) ALKALINITY,1710,0.4735003361543778,0.55527456344332,0.017522262594736084,0.016027943404477905,0.43915670146869507,0.5078439708400605,0.5238597943705433,0.5866893325160968
JR6A: Azimuth,26462,-0.0714474132292002,-0.1324964319695212,0.0012171773375934522,0.0012171773375934522,-0.07383308081088337,-0.06906174564751703,-0.13488209955120437,-0.13011076438783806
JR6A: Declination (deg),26462,0.3436612778794926,0.3407279722741915,0.004730553849772056,0.004731373214612995,0.33438939233393933,0.3529331634250458,0.33145448077355,0.350001463774833
JR6A: Declination (geographic) (deg),23489,0.6879681624276764,0.6950544039294841,0.0033773868700392386,0.003317641823006709,0.6813484841623996,0.6945878406929533,0.688551825956391,0.7015569819025773
JR6A: Dip,26462,0.9172486188986596,0.9207046796052262,0.0009744003855961908,0.0009354625302245928,0.9153387941428911,0.9191584436544281,0.918871173045986,0.9225381861644664
JR6A: Inclination (deg),26462,0.5818018392840296,0.5802445425820394,0.0039218260458770875,0.003931158429190647,0.5741150602341105,0.5894886183339487,0.5725394720608257,0.5879496131032531
JR6A: Inclination (geographic) (deg),23489,0.6128110576120136,0.6153997783061125,0.0039553413928386785,0.003937185977607936,0.6050585884820497,0.6205635267419775,0.607682893790001,0.623116662822224
JR6A: Intensity X (A/m),15394,0.2425855511829615,0.2423662257382365,0.0060134029349322,0.006012424434949147,0.23079928143049439,0.2543718209354286,0.23058187384573617,0.25415057763073684
JR6A: Intensity Y (A/m),15394,-0.1080950500890789,-0.1080958573815,0.001595840377052007,0.001595840377052007,-0.11122289722810083,-0.10496720295005696,-0.11122370452052194,-0.10496801024247807
JR6A: Intensity Z (A/m),15394,0.1545564407500111,0.1544812939861445,0.005357749796270523,0.005356923249001523,0.14405525114932088,0.1650576303507013,0.1439817244181015,0.16498086355418748
JR6A: Raw data .csv file,8554,0.9945899788334688,0.994673333832011,0.00021516071063396882,0.00021516071063396882,0.9941682638406262,0.9950116938263114,0.9942516188391683,0.9950950488248536
JR6A: Raw data .dat file,17899,0.9968006711077294,0.997176286314082,0.00014874186032675697,0.00014874186032675697,0.9965091370614889,0.9970922051539699,0.9968847522678415,0.9974678203603224
JR6A: Raw data .jr6 file,26459,0.996104132540356,0.9973628411860482,0.0001223378601410293,0.0001223378601410293,0.9958643503344796,0.9963439147462324,0.9971230589801718,0.9976026233919246
JR6A: Raw data .jr6odp file,17905,0.9964140202184262,0.9968417120230886,0.00014871693639656943,0.00014871693639656943,0.9961225350230889,0.9967055054137635,0.9965502268277513,0.9971331972184259
JR6A: Raw data .txt file,26457,0.996590839448255,0.9969689575995964,0.00012234248407980597,0.00012234248407980597,0.9963510481794585,0.9968306307170515,0.9967291663307999,0.9972087488683928
JR6A: Sample volume (cm^3),4911,0.9999994959121123,0.9999995101991684,0.00028396356895056535,0.00028396356895056535,0.9994429273169693,1.0005560645072555,0.9994429416040254,1.0005560787943115
JR6A: Total intensity (A/m),26462,0.2170757867383702,0.2175313283187993,0.004484810317453864,0.004486901414506315,0.20828555851616062,0.22586601496057976,0.2087370015463669,0.22632565509123168
JR6A: Treatment value (mT or deg-C),26462,0.1264171197673381,0.1200337977306635,0.0038187895307385113,0.0037483180015128533,0.11893229228709062,0.13390194724758558,0.11268709444769831,0.1273805010136287
KAPPA: Bulk susceptibility (SI),273,0.9995587485269416,0.99955870044947,0.0012043875831929908,0.0012043875831929908,0.9971981488638834,1.00191934819,0.9971981007864118,1.0019193001125284
KAPPA: Holder susceptibility (SI),1090,0.3918330185985382,0.4327050460422299,0.02306163527431716,0.022605891934592025,0.3466322134608766,0.4370338237361998,0.38839749785042954,0.4770125942340303
KAPPA: Kint dec (deg),1069,-0.103357904474278,-0.080293045677362,0.0060558671270454995,0.0060558671270454995,-0.11522740404328718,-0.09148840490526883,-0.09216254524637117,-0.06842354610835281
KAPPA: Kint inc (deg),1069,-0.065377391231705,-0.0835481550245409,0.0060558671270454995,0.0060558671270454995,-0.07724689080071417,-0.05350789166269582,-0.09541765459355007,-0.07167865545553172
KAPPA: Kint susc (SI),1069,-1.175769115452042,-1.267503434900647,0.0060558671270454995,0.0060558671270454995,-1.1876386150210512,-1.1638996158830328,-1.2793729344696563,-1.255633935331638
KAPPA: Kmax dec (deg),1069,-0.0673780659758485,-0.0637001576766369,0.0060558671270454995,0.0060558671270454995,-0.07924756554485768,-0.05550856640683932,-0.07556965724564609,-0.05183065810762773
KAPPA: Kmax inc (deg),1069,0.2257757494128178,0.2779652602266583,0.022503318119930376,0.023285978787411142,0.18166924589775427,0.26988225292788137,0.23232474180333246,0.32360577864998413
KAPPA: Kmax susc (SI),1069,-42.78514481019222,-42.65727816320921,0.0060558671270454995,0.0060558671270454995,-42.79701430976123,-42.77327531062321,-42.66914766277822,-42.645408663640204
KAPPA: Kmin dec (deg),1069,-0.17577217038798,-0.1693819153429985,0.0060558671270454995,0.0060558671270454995,-0.18764166995698917,-0.1639026708189708,-0.1812514149120077,-0.15751241577398933
KAPPA: Kmin inc (deg),1069,0.3291335115224748,0.3369218166246043,0.023543080792345142,0.023543468715545704,0.2829890731694783,0.37527794987547125,0.2907766179421347,0.3830670153070739
KAPPA: Kmin susc (SI),1069,-0.9608162876525064,-1.0364801023894628,0.0060558671270454995,0.0060558671270454995,-0.9726857872215156,-0.9489467880834972,-1.048349601958472,-1.0246106028204536
KAPPA: Mean susceptibility (SI),1069,0.7720797621911877,0.750529506729803,0.01225053673247481,0.013220388397179657,0.748068710195537,0.7960908141868384,0.7246175454713308,0.7764414679882752
KAPPA: Measurement field (A/m),1342,0.5005965310746551,0.5031837243831853,0.019290754333074846,0.019240344560082716,0.4627866525818284,0.5384064095674818,0.4654726490454231,0.5408947997209473
KAPPA: Original binary ASMAN file,1069,0.6663226863181625,0.8329300417148578,0.01666134754342329,0.009327038520110093,0.6336664451330528,0.6989789275032722,0.8146490462154421,0.8512110372142736
KAPPA: Original data ASMAN file,1102,0.7404617507721434,0.8695078751407714,0.013455253483967377,0.00733095006454167,0.7140894539435674,0.7668340476007194,0.8551392130142698,0.8838765372672731
KAPPA: Sample volume (cc),1069,0.1733174021652281,0.3001018689107014,0.021052371444626315,0.023453643900204123,0.1320547541337605,0.21458005019669568,0.25413272686630134,0.34607101095510145
MAD: Bulk density (g/cm^3),12113,0.6957997106573784,0.7489983966335971,0.004611114237823666,0.003947490347812034,0.686761926751244,0.7048374945635129,0.7412613155518856,0.7567354777153087
MAD: Container number,12113,0.6703530054323994,0.7513170863432667,0.004904616310239173,0.003917073465759143,0.6607399574643306,0.6799660534004682,0.7436396223503787,0.7589945503361546
MAD: Dry density (g/cm^3),12113,0.7011711736295667,0.7540168132729927,0.004547143424614483,0.0038815043353284313,0.6922587725173224,0.710083574741811,0.746409064775749,0.7616245617702365
MAD: Grain density (g/cm^3),12113,0.2394632600409708,0.27181887655285,0.006763068421173035,0.006898955763229996,0.22620764593547166,0.25271887414646993,0.25829692325691916,0.2853408298487808
MAD: Mass dried sample (g),12113,0.5173382136715381,0.5736012321371681,0.00630861947806719,0.005868473068943796,0.5049733194945264,0.5297031078485498,0.5620990249220382,0.5851034393522979
MAD: Mass porewater (g),12113,0.5447095617093991,0.6282140304462758,0.006106258225931444,0.005354894873293383,0.5327412955865735,0.5566778278322247,0.6177184364946208,0.6387096243979308
MAD: Mass salt (g),12113,0.5424730583746161,0.6297818879708552,0.006123643462800887,0.005338962642639362,0.5304707171875264,0.5544753995617059,0.619317521191282,0.6402462547504284
MAD: Mass solids (g),12113,0.5259515119393651,0.5789645486552678,0.006247406380134996,0.005821686140980455,0.5137065954343005,0.5381964284444296,0.5675540438189461,0.5903750534915895
MAD: Mass wet sample (g),12113,0.3461250041350757,0.4209247701300819,0.006990614513720043,0.006827180215833129,0.3324233996881844,0.35982660858196697,0.40754349690704894,0.43430604335311485
MAD: Moisture dry (wt%),12113,0.6033324770982396,0.6911347491340212,0.005598982796611843,0.004666105479750311,0.5923584708168803,0.6143064833795988,0.6819891823937105,0.7002803158743318
MAD: Moisture wet (wt%),12113,0.6818072076044016,0.762593219135164,0.004774471100823664,0.0037674172841354932,0.6724492442467872,0.691165170962016,0.7552090812582584,0.7699773570120696
MAD: Porosity (vol%),12112,0.6892643265915863,0.7537452983537009,0.004688199453987927,0.003885249415039873,0.68007545566177,0.6984531975214027,0.7461302095002227,0.761360387207179
MAD: Void ratio,12113,0.658557546669333,0.7382433886186912,0.005035220813134824,0.004086971224942242,0.6486885138755887,0.6684265794630773,0.7302329250178045,0.746253852219578
MAD: Vol dried sample (cm^3),12113,0.4788319501869666,0.5403800491619609,0.006553502675384491,0.0061397779137428435,0.465987084943213,0.4916768154307202,0.5283460844510249,0.5524140138728969
MAD: Vol porewater (cm^3),12113,0.5410544062293114,0.6248494760920327,0.006134593792148809,0.0053888661839961195,0.5290306023966997,0.5530782100619231,0.6142872983714003,0.6354116538126651
MAD: Vol salt (cm^3),12113,0.5419060521420518,0.6296785649540608,0.006128027306246581,0.005340014577507487,0.5298951186218085,0.5539169856622951,0.6192121363821461,0.6401449935259755
MAD: Vol solids (cm^3),12113,0.4883469829222613,0.5461175627250081,0.0064974647328861265,0.006095236861537875,0.4756119520458045,0.5010820137987181,0.5341708984763939,0.5580642269736223
MAD: Vol wet sample (cm^3),12113,0.3223469891669006,0.4151635945580364,0.006991547593332213,0.006847754278859107,0.3086435558839694,0.33605042244983174,0.40174199617147255,0.4285851929446003
PEN: Compressional strength (kg/cm^2),1731,0.5688195513383737,0.5722921696384695,0.015632476321821735,0.015553837770610073,0.5381798977476031,0.5994592049291443,0.5418066476080737,0.6027776916688653
PWB: Caliper separation (mm),1896,0.7483935683456175,0.7681683235644239,0.0099976422222621,0.009332796627122324,0.7287981895899839,0.7679889471012512,0.7498760421752642,0.7864606049535836
PWB: P-wave velocity y (m/s),342,-0.1455940170650826,0.0829028225170053,0.010706613794630329,0.02855728776781442,-0.16657898010255803,-0.12460905402760715,0.02693053849208904,0.13887510654192156
PWB: P-wave velocity y [manual] (m/s),314,0.2751429016610517,0.2065928158042844,0.04291377544582072,0.04070229595039625,0.1910319017872431,0.3592539015348603,0.12681631574150776,0.28636931586706105
PWB: P-wave velocity z (m/s),1462,0.3600167462131733,0.3035703949948304,0.02008566757562859,0.020070733378796113,0.32064883776494124,0.3993846546614054,0.26423175757239004,0.3429090324172708
PWB: P-wave velocity z [manual] (m/s),1139,0.2421924070944532,0.3838085480777581,0.02210076709264888,0.02262252747946059,0.1988749035928614,0.285509910596045,0.33946839421801533,0.4281487019375009
PWB: Sonic traveltime (microsecond),1896,-616.0624573808276,-346.98063911299266,0.004547220600528791,0.004547220600528791,-616.0713699332047,-616.0535448284505,-346.9895516653697,-346.97172656061565
PWB: Sonic traveltime [manual] (microsecond),1455,-0.154026234570838,-0.0696652632885663,0.005190792800421455,0.005190792800421455,-0.16420018845966405,-0.14385228068201195,-0.07983921717739235,-0.05949130939974025
PWC: Caliper separation (mm),12386,0.3219775039733422,0.3771730291072153,0.006913871857278985,0.006873883757741041,0.3084263151330754,0.335528692813609,0.36370021694204285,0.3906458412723877
PWC: P-wave velocity x (m/s),9290,-0.0004119725575602,-5.436800810376674e-05,0.002054269098371802,0.002054269098371802,-0.004438339990368932,0.003614394875248532,-0.004080735440912499,0.003971999424704965
PWC: P-wave velocity x [manual] (m/s),6494,-0.1705369982217859,-1.9784434803068465,0.002457022016843452,0.002457022016843452,-0.17535276137479905,-0.16572123506877273,-1.9832592434598597,-1.9736277171538332
PWC: Sonic traveltime (microsecond),12372,-0.2407348362848271,-0.2856512986336414,0.0017801034200930473,0.0017801034200930473,-0.24422383898820946,-0.23724583358144472,-0.2891403013370238,-0.28216229593025904
PWC: Sonic traveltime [manual] (microsecond),6508,0.7116194757033982,0.755642760322203,0.006031093526682927,0.005266107217031726,0.6997985323910997,0.7234404190156968,0.7453211901768209,0.7659643304675852
SRMD: Declination background & drift corrected (deg),18823,0.474685386250699,0.4730697553982442,0.005276038888835682,0.005283251597441038,0.46434435002858104,0.48502642247281696,0.46271458226725976,0.48342492852922864
SRMD: Declination raw (deg),18823,0.4751181223521609,0.4811503630646929,0.005274095031339353,0.005246473706090961,0.46478089609073575,0.485455348613586,0.4708672746007546,0.49143345152863116
SRMD: Demag level (mT),10927,0.2764181884584419,0.2742466175105212,0.0072786439241826085,0.007271754906633593,0.262152046367044,0.29068433054983983,0.25999397789351936,0.28849925712752306
SRMD: Inclination background & drift corrected (deg),18823,0.430352933430826,0.4281232398510401,0.005447582595061391,0.0054547195212490615,0.41967567154450564,0.4410301953171463,0.417431989589392,0.43881449011268825
SRMD: Inclination raw (deg),18823,0.420036400165226,0.4206170155748604,0.005479359246833805,0.005477655684868516,0.40929685604143173,0.4307759442890202,0.4098808104325181,0.4313532207172027
SRMD: Intensity background & drift corrected (A/m),18823,0.4655723102246483,0.4642078439508019,0.005315793450174416,0.005321550197692107,0.4551533550623064,0.47599126538699016,0.45377760556332536,0.4746380823382784
SRMD: Intensity raw (A/m),18823,0.451999631322809,0.4495290359175332,0.005370756534259023,0.0053802055108173085,0.4414729485156613,0.4625263141299567,0.43898383311633127,0.4600742387187351
SRMD: Magnetic moment x (Am^2),18823,0.3844560298579002,0.3834702609062415,0.005563754957765628,0.005565516174075341,0.37355107014067956,0.3953609895751208,0.3725618492050538,0.39437867260742915
SRMD: Magnetic moment y (Am^2),18823,0.5186309699340028,0.5187674872086945,0.005053507837628245,0.005052739527651293,0.5087260945722515,0.5285358452957541,0.5088641177344979,0.528670856682891
SRMD: Magnetic moment z (Am^2),18823,0.2989145764602819,0.3006997835246445,0.0055876611188777625,0.005590051319534459,0.2879627606672815,0.30986639225328233,0.28974328293835694,0.31165628411093205
SRMD: Raw data,18702,0.9783930807144604,0.9911558514177812,0.00031256151643422854,0.0001455135937542478,0.9777804601422493,0.9790057012866715,0.9908706447740229,0.9914410580615395
SRMD: Sample length (cm),10927,0.9971750524740112,0.9972193383303456,0.0001903693913702468,0.0001903693913702468,0.9968019284669255,0.9975481764810968,0.9968462143232599,0.9975924623374313
SRMD: Sample volume (cm^3),9628,0.9847456511588633,0.9876076478299948,0.0003085443970821355,0.00025101976802429136,0.9841409041405823,0.9853503981771442,0.9871156490846672,0.9880996465753223
SRMD: Treatment Value (mT or deg-C),9908,0.3699468785194549,0.3677647530169902,0.00769987806705171,0.007703724665658152,0.35485511750803356,0.38503863953087625,0.3526654526723002,0.38286405336168017
TCON: Calculated TCON value (W/(m*K)),5674,-0.000881834183926,-0.0008818341806691,0.002628575916730887,0.002628575916730887,-0.006033842980718539,0.004270174612866539,-0.006033842977461639,0.004270174616123439
TCON: Conductivity std dev (W/(m*K)),15061,0.9991375519773726,0.9993264697956282,0.00016215139477978186,0.00016215139477978186,0.9988197352436042,0.999455368711141,0.9990086530618598,0.9996442865293966
TCON: Measurements (no),15084,0.8091587004151255,0.8463567577109498,0.002795509376275591,0.002301770025714911,0.8036795020376254,0.8146378987926256,0.8418452884605485,0.850868226961351
TCON: Thermal conductivity mean (W/(m*K)),15084,0.998612990313478,0.9988192081324676,0.0001620277238424219,0.0001620277238424219,0.9982954159747469,0.9989305646522092,0.9985016337937365,0.9991367824711987
TCON: Thermal conductivity observations (W/(m*K)),15327,-2.966030279203926e+16,-2.965203043151777e+16,0.0015993245785197664,0.0015993245785197664,-2.966030279203926e+16,-2.966030279203926e+16,-2.965203043151777e+16,-2.965203043151777e+16
TOR: Adapter foot identifier,521,0.3235820490227901,0.3226443989203456,0.033714635513470204,0.03371241973515799,0.2575013634163885,0.38966273462919165,0.2565680562394359,0.38872074160125525
TOR: Torvane shear strength (kg/cm^2),522,0.7075304700000307,0.6815557134706871,0.021535152183879563,0.023013299358657258,0.6653215717196267,0.7497393682804346,0.6364496467277189,0.7266617802136554
